{
  "iconDefinitions": {
    "_file": {
      "iconPath": "./icons/File.svg"
    },
    "_folder": {
      "iconPath": "./icons/Folder_inverse.svg"
    },
    "_folder_open": {
      "iconPath": "./icons/Folder_opened.svg"
    },
    "_fd_bower": {
      "iconPath": "./icons/folder_type_bower@2x.png"
    },
    "_fd_bower_open": {
      "iconPath": "./icons/folder_type_bower_opened@2x.png"
    },
    "_fd_css": {
      "iconPath": "./icons/folder_type_css@2x.png"
    },
    "_fd_css_open": {
      "iconPath": "./icons/folder_type_css_opened@2x.png"
    },
    "_fd_dist": {
      "iconPath": "./icons/folder_type_dist@2x.png"
    },
    "_fd_dist_open": {
      "iconPath": "./icons/folder_type_dist_opened@2x.png"
    },
    "_fd_docs": {
      "iconPath": "./icons/folder_type_docs@2x.png"
    },
    "_fd_docs_open": {
      "iconPath": "./icons/folder_type_docs_opened@2x.png"
    },
    "_fd_flow": {
      "iconPath": "./icons/folder_type_flow@2x.png"
    },
    "_fd_flow_open": {
      "iconPath": "./icons/folder_type_flow_opened@2x.png"
    },
    "_fd_git": {
      "iconPath": "./icons/folder_type_git@2x.png"
    },
    "_fd_git_open": {
      "iconPath": "./icons/folder_type_git_opened@2x.png"
    },
    "_fd_haxelib": {
      "iconPath": "./icons/folder_type_haxelib@2x.png"
    },
    "_fd_haxelib_open": {
      "iconPath": "./icons/folder_type_haxelib_opened@2x.png"
    },
    "_fd_images": {
      "iconPath": "./icons/folder_type_images@2x.png"
    },
    "_fd_images_open": {
      "iconPath": "./icons/folder_type_images_opened@2x.png"
    },
    "_fd_less": {
      "iconPath": "./icons/folder_type_less@2x.png"
    },
    "_fd_less_open": {
      "iconPath": "./icons/folder_type_less_opened@2x.png"
    },
    "_fd_locale": {
      "iconPath": "./icons/folder_type_locale@2x.png"
    },
    "_fd_locale_open": {
      "iconPath": "./icons/folder_type_locale_opened@2x.png"
    },
    "_fd_meteor": {
      "iconPath": "./icons/folder_type_meteor@2x.png"
    },
    "_fd_meteor_open": {
      "iconPath": "./icons/folder_type_meteor_opened@2x.png"
    },
    "_fd_node": {
      "iconPath": "./icons/folder_type_node@2x.png"
    },
    "_fd_node_open": {
      "iconPath": "./icons/folder_type_node_opened@2x.png"
    },
    "_fd_nuget": {
      "iconPath": "./icons/folder_type_nuget@2x.png"
    },
    "_fd_nuget_open": {
      "iconPath": "./icons/folder_type_nuget_opened@2x.png"
    },
    "_fd_sass": {
      "iconPath": "./icons/folder_type_sass@2x.png"
    },
    "_fd_sass_open": {
      "iconPath": "./icons/folder_type_sass_opened@2x.png"
    },
    "_fd_script": {
      "iconPath": "./icons/folder_type_script@2x.png"
    },
    "_fd_script_open": {
      "iconPath": "./icons/folder_type_script_opened@2x.png"
    },
    "_fd_src": {
      "iconPath": "./icons/folder_type_src@2x.png"
    },
    "_fd_src_open": {
      "iconPath": "./icons/folder_type_src_opened@2x.png"
    },
    "_fd_style": {
      "iconPath": "./icons/folder_type_style@2x.png"
    },
    "_fd_style_open": {
      "iconPath": "./icons/folder_type_style_opened@2x.png"
    },
    "_fd_test": {
      "iconPath": "./icons/folder_type_test@2x.png"
    },
    "_fd_test_open": {
      "iconPath": "./icons/folder_type_test_opened@2x.png"
    },
    "_fd_typings": {
      "iconPath": "./icons/folder_type_typings@2x.png"
    },
    "_fd_typings_open": {
      "iconPath": "./icons/folder_type_typings_opened@2x.png"
    },
    "_fd_vscode": {
      "iconPath": "./icons/folder_type_vscode@2x.png"
    },
    "_fd_vscode_open": {
      "iconPath": "./icons/folder_type_vscode_opened@2x.png"
    },
    "_fd_webpack": {
      "iconPath": "./icons/folder_type_webpack@2x.png"
    },
    "_fd_webpack_open": {
      "iconPath": "./icons/folder_type_webpack_opened@2x.png"
    },
    "_f_actionscript": {
      "iconPath": "./icons/file_type_actionscript@2x.png"
    },
    "_f_ai": {
      "iconPath": "./icons/file_type_ai@2x.svg"
    },
    "_f_angular": {
      "iconPath": "./icons/file_type_angular@2x.png"
    },
    "_f_ansible": {
      "iconPath": "./icons/file_type_ansible@2x.png"
    },
    "_f_apache": {
      "iconPath": "./icons/file_type_apache@2x.png"
    },
    "_f_apib": {
      "iconPath": "./icons/file_type_apib@2x.png"
    },
    "_f_applescript": {
      "iconPath": "./icons/file_type_applescript@2x.png"
    },
    "_f_appveyor": {
      "iconPath": "./icons/file_type_appveyor@2x.png"
    },
    "_f_asp": {
      "iconPath": "./icons/file_type_asp@2x.png"
    },
    "_f_aspx": {
      "iconPath": "./icons/file_type_aspx@2x.png"
    },
    "_f_assembly": {
      "iconPath": "./icons/file_type_assembly@2x.png"
    },
    "_f_autohotkey": {
      "iconPath": "./icons/file_type_autohotkey@2x.png"
    },
    "_f_babel": {
      "iconPath": "./icons/file_type_babel@2x.png"
    },
    "_f_binary": {
      "iconPath": "./icons/file_type_binary@2x.png"
    },
    "_f_blade": {
      "iconPath": "./icons/file_type_blade@2x.png"
    },
    "_f_bower": {
      "iconPath": "./icons/file_type_bower@2x.png"
    },
    "_f_buckbuild": {
      "iconPath": "./icons/file_type_buckbuild@2x.svg"
    },
    "_f_bundler": {
      "iconPath": "./icons/file_type_bundler@2x.png"
    },
    "_f_c": {
      "iconPath": "./icons/file_type_c@2x.png"
    },
    "_f_cake": {
      "iconPath": "./icons/file_type_cake@2x.png"
    },
    "_f_cfm": {
      "iconPath": "./icons/file_type_cfm@2x.png"
    },
    "_f_cheader": {
      "iconPath": "./icons/file_type_cheader@2x.png"
    },
    "_f_class": {
      "iconPath": "./icons/file_type_class@2x.svg"
    },
    "_f_clojure": {
      "iconPath": "./icons/file_type_clojure@2x.png"
    },
    "_f_cobol": {
      "iconPath": "./icons/file_type_cobol@2x.png"
    },
    "_f_codeclimate": {
      "iconPath": "./icons/file_type_codeclimate@2x.png"
    },
    "_f_coffeescript": {
      "iconPath": "./icons/file_type_coffeescript@2x.png"
    },
    "_f_compass": {
      "iconPath": "./icons/file_type_compass@2x.png"
    },
    "_f_composer": {
      "iconPath": "./icons/file_type_composer@2x.png"
    },
    "_f_config": {
      "iconPath": "./icons/file_type_config@2x.png"
    },
    "_f_cpp": {
      "iconPath": "./icons/file_type_cpp@2x.png"
    },
    "_f_cs": {
      "iconPath": "./icons/file_type_cs@2x.png"
    },
    "_f_cshtml": {
      "iconPath": "./icons/file_type_cshtml@2x.png"
    },
    "_f_csproj": {
      "iconPath": "./icons/file_type_csproj@2x.png"
    },
    "_f_css": {
      "iconPath": "./icons/file_type_css@2x.png"
    },
    "_f_csslint": {
      "iconPath": "./icons/file_type_csslint@2x.png"
    },
    "_f_cssmap": {
      "iconPath": "./icons/file_type_cssmap@2x.png"
    },
    "_f_cucumber": {
      "iconPath": "./icons/file_type_cucumber@2x.png"
    },
    "_f_dartlang": {
      "iconPath": "./icons/file_type_dartlang@2x.png"
    },
    "_f_delphi": {
      "iconPath": "./icons/file_type_delphi@2x.png"
    },
    "_f_dlang": {
      "iconPath": "./icons/file_type_dlang@2x.png"
    },
    "_f_docker": {
      "iconPath": "./icons/file_type_docker@2x.png"
    },
    "_f_editorconfig": {
      "iconPath": "./icons/file_type_editorconfig@2x.png"
    },
    "_f_ejs": {
      "iconPath": "./icons/file_type_ejs@2x.png"
    },
    "_f_elixir": {
      "iconPath": "./icons/file_type_elixir@2x.png"
    },
    "_f_elm": {
      "iconPath": "./icons/file_type_elm@2x.png"
    },
    "_f_emacs": {
      "iconPath": "./icons/file_type_emacs@2x.svg"
    },
    "_f_ember": {
      "iconPath": "./icons/file_type_ember@2x.png"
    },
    "_f_erb": {
      "iconPath": "./icons/file_type_erb@2x.png"
    },
    "_f_erlang": {
      "iconPath": "./icons/file_type_erlang@2x.png"
    },
    "_f_eslint": {
      "iconPath": "./icons/file_type_eslint@2x.png"
    },
    "_f_excel": {
      "iconPath": "./icons/file_type_excel@2x.png"
    },
    "_f_favicon": {
      "iconPath": "./icons/file_type_favicon@2x.png"
    },
    "_f_flash": {
      "iconPath": "./icons/file_type_flash@2x.png"
    },
    "_f_flow": {
      "iconPath": "./icons/file_type_flow@2x.png"
    },
    "_f_font": {
      "iconPath": "./icons/file_type_font@2x.png"
    },
    "_f_fortran": {
      "iconPath": "./icons/file_type_fortran@2x.png"
    },
    "_f_fsharp": {
      "iconPath": "./icons/file_type_fsharp@2x.png"
    },
    "_f_git": {
      "iconPath": "./icons/file_type_git@2x.png"
    },
    "_f_gitlab": {
      "iconPath": "./icons/file_type_gitlab@2x.png"
    },
    "_f_go": {
      "iconPath": "./icons/file_type_go@2x.png"
    },
    "_f_gradle": {
      "iconPath": "./icons/file_type_gradle@2x.png"
    },
    "_f_graphql": {
      "iconPath": "./icons/file_type_graphql@2x.svg"
    },
    "_f_graphviz": {
      "iconPath": "./icons/file_type_graphviz@2x.png"
    },
    "_f_groovy": {
      "iconPath": "./icons/file_type_groovy@2x.png"
    },
    "_f_gruntfile": {
      "iconPath": "./icons/file_type_gruntfile@2x.png"
    },
    "_f_gulpfile": {
      "iconPath": "./icons/file_type_gulpfile@2x.png"
    },
    "_f_haml": {
      "iconPath": "./icons/file_type_haml@2x.png"
    },
    "_f_handlebars": {
      "iconPath": "./icons/file_type_handlebars@2x.png"
    },
    "_f_haskell": {
      "iconPath": "./icons/file_type_haskell@2x.png"
    },
    "_f_haxe": {
      "iconPath": "./icons/file_type_haxe@2x.png"
    },
    "_f_haxecheckstyle": {
      "iconPath": "./icons/file_type_haxecheckstyle@2x.png"
    },
    "_f_haxedevelop": {
      "iconPath": "./icons/file_type_haxedevelop@2x.png"
    },
    "_f_html": {
      "iconPath": "./icons/file_type_html@2x.png"
    },
    "_f_idris": {
      "iconPath": "./icons/file_type_idris@2x.svg"
    },
    "_f_image": {
      "iconPath": "./icons/file_type_image@2x.png"
    },
    "_f_ionic": {
      "iconPath": "./icons/file_type_ionic@2x.png"
    },
    "_f_jade": {
      "iconPath": "./icons/file_type_jade@2x.png"
    },
    "_f_jar": {
      "iconPath": "./icons/file_type_jar@2x.svg"
    },
    "_f_java": {
      "iconPath": "./icons/file_type_java@2x.svg"
    },
    "_f_jbuilder": {
      "iconPath": "./icons/file_type_jbuilder@2x.svg"
    },
    "_f_jinja": {
      "iconPath": "./icons/file_type_jinja@2x.png"
    },
    "_f_js": {
      "iconPath": "./icons/file_type_js@2x.png"
    },
    "_f_jshintrc": {
      "iconPath": "./icons/file_type_jshintrc@2x.png"
    },
    "_f_jsmap": {
      "iconPath": "./icons/file_type_jsmap@2x.png"
    },
    "_f_jsp": {
      "iconPath": "./icons/file_type_jsp@2x.png"
    },
    "_f_julia": {
      "iconPath": "./icons/file_type_julia@2x.png"
    },
    "_f_kotlin": {
      "iconPath": "./icons/file_type_kotlin@2x.svg"
    },
    "_f_lerna": {
      "iconPath": "./icons/file_type_lerna@2x.png"
    },
    "_f_less": {
      "iconPath": "./icons/file_type_less@2x.png"
    },
    "_f_license": {
      "iconPath": "./icons/file_type_license@2x.png"
    },
    "_f_lime": {
      "iconPath": "./icons/file_type_lime@2x.png"
    },
    "_f_lisp": {
      "iconPath": "./icons/file_type_lisp@2x.png"
    },
    "_f_log": {
      "iconPath": "./icons/file_type_log@2x.png"
    },
    "_f_lsl": {
      "iconPath": "./icons/file_type_lsl@2x.png"
    },
    "_f_lua": {
      "iconPath": "./icons/file_type_lua@2x.png"
    },
    "_f_m": {
      "iconPath": "./icons/file_type_m@2x.png"
    },
    "_f_markdown": {
      "iconPath": "./icons/file_type_markdown@2x.png"
    },
    "_f_marko": {
      "iconPath": "./icons/file_type_marko@2x.png"
    },
    "_f_markojs": {
      "iconPath": "./icons/file_type_markojs@2x.png"
    },
    "_f_markup": {
      "iconPath": "./icons/file_type_markup@2x.png"
    },
    "_f_masterpage": {
      "iconPath": "./icons/file_type_masterpage@2x.png"
    },
    "_f_matlab": {
      "iconPath": "./icons/file_type_matlab@2x.png"
    },
    "_f_mustache": {
      "iconPath": "./icons/file_type_mustache@2x.png"
    },
    "_f_nim": {
      "iconPath": "./icons/file_type_nim@2x.png"
    },
    "_f_node": {
      "iconPath": "./icons/file_type_node@2x.png"
    },
    "_f_node2": {
      "iconPath": "./icons/file_type_node2@2x.png"
    },
    "_f_npm": {
      "iconPath": "./icons/file_type_npm@2x.png"
    },
    "_f_nsi": {
      "iconPath": "./icons/file_type_nsi@2x.svg"
    },
    "_f_nuget": {
      "iconPath": "./icons/file_type_nuget@2x.png"
    },
    "_f_nunjucks": {
      "iconPath": "./icons/file_type_nunjucks@2x.png"
    },
    "_f_ocaml": {
      "iconPath": "./icons/file_type_ocaml@2x.png"
    },
    "_f_paket": {
      "iconPath": "./icons/file_type_paket@2x.png"
    },
    "_f_patch": {
      "iconPath": "./icons/file_type_patch@2x.png"
    },
    "_f_pdf": {
      "iconPath": "./icons/file_type_pdf@2x.svg"
    },
    "_f_perl": {
      "iconPath": "./icons/file_type_perl@2x.png"
    },
    "_f_photoshop": {
      "iconPath": "./icons/file_type_photoshop@2x.png"
    },
    "_f_php": {
      "iconPath": "./icons/file_type_php@2x.png"
    },
    "_f_phpunit": {
      "iconPath": "./icons/file_type_phpunit@2x.png"
    },
    "_f_plantuml": {
      "iconPath": "./icons/file_type_plantuml@2x.png"
    },
    "_f_poedit": {
      "iconPath": "./icons/file_type_poedit@2x.png"
    },
    "_f_postcss": {
      "iconPath": "./icons/file_type_postcss@2x.png"
    },
    "_f_powershell": {
      "iconPath": "./icons/file_type_powershell@2x.png"
    },
    "_f_procfile": {
      "iconPath": "./icons/file_type_procfile@2x.png"
    },
    "_f_prolog": {
      "iconPath": "./icons/file_type_prolog@2x.png"
    },
    "_f_protobuf": {
      "iconPath": "./icons/file_type_protobuf@2x.png"
    },
    "_f_puppet": {
      "iconPath": "./icons/file_type_puppet@2x.png"
    },
    "_f_purescript": {
      "iconPath": "./icons/file_type_purescript@2x.svg"
    },
    "_f_python": {
      "iconPath": "./icons/file_type_python@2x.png"
    },
    "_f_qlikview": {
      "iconPath": "./icons/file_type_qlikview@2x.png"
    },
    "_f_r": {
      "iconPath": "./icons/file_type_r@2x.png"
    },
    "_f_rails": {
      "iconPath": "./icons/file_type_rails@2x.png"
    },
    "_f_raml": {
      "iconPath": "./icons/file_type_raml@2x.png"
    },
    "_f_reactjs": {
      "iconPath": "./icons/file_type_reactjs@2x.png"
    },
    "_f_reacttemplate": {
      "iconPath": "./icons/file_type_reacttemplate@2x.png"
    },
    "_f_reactts": {
      "iconPath": "./icons/file_type_reactts@2x.png"
    },
    "_f_rest": {
      "iconPath": "./icons/file_type_rest@2x.png"
    },
    "_f_riot": {
      "iconPath": "./icons/file_type_riot@2x.png"
    },
    "_f_robotframework": {
      "iconPath": "./icons/file_type_robotframework@2x.png"
    },
    "_f_rollup": {
      "iconPath": "./icons/file_type_rollup@2x.png"
    },
    "_f_rspec": {
      "iconPath": "./icons/file_type_rspec@2x.png"
    },
    "_f_ruby": {
      "iconPath": "./icons/file_type_ruby@2x.png"
    },
    "_f_rust": {
      "iconPath": "./icons/file_type_rust@2x.png"
    },
    "_f_saltstack": {
      "iconPath": "./icons/file_type_saltstack@2x.png"
    },
    "_f_sass": {
      "iconPath": "./icons/file_type_sass@2x.png"
    },
    "_f_scala": {
      "iconPath": "./icons/file_type_scala@2x.png"
    },
    "_f_scss": {
      "iconPath": "./icons/file_type_scss@2x.png"
    },
    "_f_settings": {
      "iconPath": "./icons/file_type_settings@2x.png"
    },
    "_f_shell": {
      "iconPath": "./icons/file_type_shell@2x.png"
    },
    "_f_slim": {
      "iconPath": "./icons/file_type_slim@2x.png"
    },
    "_f_sln": {
      "iconPath": "./icons/file_type_sln@2x.png"
    },
    "_f_smarty": {
      "iconPath": "./icons/file_type_smarty@2x.png"
    },
    "_f_source": {
      "iconPath": "./icons/file_type_source@2x.png"
    },
    "_f_sql": {
      "iconPath": "./icons/file_type_sql@2x.png"
    },
    "_f_sqlite": {
      "iconPath": "./icons/file_type_sqlite@2x.png"
    },
    "_f_sss": {
      "iconPath": "./icons/file_type_sss@2x.svg"
    },
    "_f_storyboard": {
      "iconPath": "./icons/file_type_storyboard@2x.png"
    },
    "_f_stylelint": {
      "iconPath": "./icons/file_type_stylelint@2x.png"
    },
    "_f_stylus": {
      "iconPath": "./icons/file_type_stylus@2x.png"
    },
    "_f_svg": {
      "iconPath": "./icons/file_type_svg@2x.png"
    },
    "_f_swift": {
      "iconPath": "./icons/file_type_swift@2x.png"
    },
    "_f_tcl": {
      "iconPath": "./icons/file_type_tcl@2x.png"
    },
    "_f_terraform": {
      "iconPath": "./icons/file_type_terraform@2x.png"
    },
    "_f_testjs": {
      "iconPath": "./icons/file_type_testjs@2x.png"
    },
    "_f_testts": {
      "iconPath": "./icons/file_type_testts@2x.png"
    },
    "_f_tex": {
      "iconPath": "./icons/file_type_tex@2x.png"
    },
    "_f_text": {
      "iconPath": "./icons/file_type_text@2x.png"
    },
    "_f_textile": {
      "iconPath": "./icons/file_type_textile@2x.png"
    },
    "_f_todo": {
      "iconPath": "./icons/file_type_todo@2x.png"
    },
    "_f_toml": {
      "iconPath": "./icons/file_type_toml@2x.svg"
    },
    "_f_travis": {
      "iconPath": "./icons/file_type_travis@2x.png"
    },
    "_f_tslint": {
      "iconPath": "./icons/file_type_tslint@2x.png"
    },
    "_f_twig": {
      "iconPath": "./icons/file_type_twig@2x.png"
    },
    "_f_typescript": {
      "iconPath": "./icons/file_type_typescript@2x.png"
    },
    "_f_typescriptdef": {
      "iconPath": "./icons/file_type_typescriptdef@2x.png"
    },
    "_f_vagrant": {
      "iconPath": "./icons/file_type_vagrant@2x.png"
    },
    "_f_vash": {
      "iconPath": "./icons/file_type_vash@2x.png"
    },
    "_f_vb": {
      "iconPath": "./icons/file_type_vb@2x.png"
    },
    "_f_vbhtml": {
      "iconPath": "./icons/file_type_vbhtml@2x.png"
    },
    "_f_vbproj": {
      "iconPath": "./icons/file_type_vbproj@2x.png"
    },
    "_f_vim": {
      "iconPath": "./icons/file_type_vim@2x.svg"
    },
    "_f_volt": {
      "iconPath": "./icons/file_type_volt@2x.png"
    },
    "_f_vscode": {
      "iconPath": "./icons/file_type_vscode@2x.png"
    },
    "_f_vue": {
      "iconPath": "./icons/file_type_vue@2x.png"
    },
    "_f_webpack": {
      "iconPath": "./icons/file_type_webpack@2x.png"
    },
    "_f_wxml": {
      "iconPath": "./icons/file_type_wxml@2x.png"
    },
    "_f_wxss": {
      "iconPath": "./icons/file_type_wxss@2x.png"
    },
    "_f_xib": {
      "iconPath": "./icons/file_type_xib@2x.png"
    },
    "_f_xliff": {
      "iconPath": "./icons/file_type_xliff@2x.png"
    },
    "_f_xml": {
      "iconPath": "./icons/file_type_xml@2x.png"
    },
    "_f_yaml": {
      "iconPath": "./icons/file_type_yaml@2x.png"
    },
    "_f_yarn": {
      "iconPath": "./icons/file_type_yarn@2x.png"
    },
    "_f_zip": {
      "iconPath": "./icons/file_type_zip@2x.png"
    }
  },
  "file": "_file",
  "folder": "_folder",
  "folderExpanded": "_folder_open",
  "folderNames": {
    "bower_components": "_fd_bower",
    "css": "_fd_css",
    "dist": "_fd_dist",
    "out": "_fd_dist",
    "export": "_fd_dist",
    "build": "_fd_dist",
    "docs": "_fd_docs",
    "flow": "_fd_flow",
    ".github": "_fd_git",
    ".git": "_fd_git",
    "haxelib": "_fd_haxelib",
    "images": "_fd_images",
    "img": "_fd_images",
    "less": "_fd_less",
    "locale": "_fd_locale",
    "locales": "_fd_locale",
    ".meteor": "_fd_meteor",
    "node_modules": "_fd_node",
    ".nuget": "_fd_nuget",
    "sass": "_fd_sass",
    "scss": "_fd_sass",
    "script": "_fd_script",
    "scripts": "_fd_script",
    "src": "_fd_src",
    "source": "_fd_src",
    "sources": "_fd_src",
    "style": "_fd_style",
    "styles": "_fd_style",
    "tests": "_fd_test",
    "test": "_fd_test",
    "__tests__": "_fd_test",
    "__test__": "_fd_test",
    "spec": "_fd_test",
    "specs": "_fd_test",
    "typings": "_fd_typings",
    ".vscode": "_fd_vscode",
    "webpack": "_fd_webpack"
  },
  "folderNamesExpanded": {
    "bower_components": "_fd_bower_open",
    "css": "_fd_css_open",
    "dist": "_fd_dist_open",
    "out": "_fd_dist_open",
    "export": "_fd_dist_open",
    "build": "_fd_dist_open",
    "docs": "_fd_docs_open",
    "flow": "_fd_flow_open",
    ".github": "_fd_git_open",
    ".git": "_fd_git_open",
    "haxelib": "_fd_haxelib_open",
    "images": "_fd_images_open",
    "img": "_fd_images_open",
    "less": "_fd_less_open",
    "locale": "_fd_locale_open",
    "locales": "_fd_locale_open",
    ".meteor": "_fd_meteor_open",
    "node_modules": "_fd_node_open",
    ".nuget": "_fd_nuget_open",
    "sass": "_fd_sass_open",
    "scss": "_fd_sass_open",
    "script": "_fd_script_open",
    "scripts": "_fd_script_open",
    "src": "_fd_src_open",
    "source": "_fd_src_open",
    "sources": "_fd_src_open",
    "style": "_fd_style_open",
    "styles": "_fd_style_open",
    "tests": "_fd_test_open",
    "test": "_fd_test_open",
    "__tests__": "_fd_test_open",
    "__test__": "_fd_test_open",
    "spec": "_fd_test_open",
    "specs": "_fd_test_open",
    "typings": "_fd_typings_open",
    ".vscode": "_fd_vscode_open",
    "webpack": "_fd_webpack_open"
  },
  "fileExtensions": {
    "as": "_f_actionscript",
    "ai": "_f_ai",
    "ansible": "_f_ansible",
    "apib": "_f_apib",
    "app": "_f_applescript",
    "asp": "_f_asp",
    "aspx": "_f_aspx",
    "ascx": "_f_aspx",
    "s": "_f_assembly",
    "asm": "_f_assembly",
    "ahk": "_f_autohotkey",
    "bin": "_f_binary",
    "o": "_f_binary",
    "a": "_f_binary",
    "exe": "_f_binary",
    "obj": "_f_binary",
    "lib": "_f_binary",
    "dll": "_f_binary",
    "so": "_f_binary",
    "pyc": "_f_binary",
    "pyd": "_f_binary",
    "pyo": "_f_binary",
    "n": "_f_binary",
    "ndll": "_f_binary",
    "pdb": "_f_binary",
    "cmo": "_f_binary",
    "cmx": "_f_binary",
    "cma": "_f_binary",
    "cmxa": "_f_binary",
    "cmi": "_f_binary",
    "blade.php": "_f_blade",
    "c": "_f_c",
    "cake": "_f_cake",
    "cfm": "_f_cfm",
    "cfc": "_f_cfm",
    "lucee": "_f_cfm",
    "h": "_f_cheader",
    "class": "_f_class",
    "clojure": "_f_clojure",
    "cjm": "_f_clojure",
    "clj": "_f_clojure",
    "cljs": "_f_clojure",
    "cljc": "_f_clojure",
    "edn": "_f_clojure",
    "cbl": "_f_cobol",
    "cob": "_f_cobol",
    "cpy": "_f_cobol",
    "coffee": "_f_coffeescript",
    "env": "_f_config",
    "ini": "_f_config",
    "makefile": "_f_config",
    "config": "_f_config",
    "conf": "_f_config",
    "cfg": "_f_config",
    "cpp": "_f_cpp",
    "hpp": "_f_cpp",
    "cc": "_f_cpp",
    "cxx": "_f_cpp",
    "cs": "_f_cs",
    "csx": "_f_cs",
    "cshtml": "_f_cshtml",
    "csproj": "_f_csproj",
    "css": "_f_css",
    "css.map": "_f_cssmap",
    "feature": "_f_cucumber",
    "dart": "_f_dartlang",
    "pas": "_f_delphi",
    "dfm": "_f_delphi",
    "dpr": "_f_delphi",
    "d": "_f_dlang",
    "dockerfile": "_f_docker",
    "ejs": "_f_ejs",
    "ex": "_f_elixir",
    "exs": "_f_elixir",
    "eex": "_f_elixir",
    "elm": "_f_elm",
    "el": "_f_emacs",
    "elc": "_f_emacs",
    "rhtml": "_f_erb",
    "erb": "_f_erb",
    "erl": "_f_erlang",
    "hrl": "_f_erlang",
    "xls": "_f_excel",
    "xlsx": "_f_excel",
    "csv": "_f_excel",
    "ods": "_f_excel",
    "swf": "_f_flash",
    "swc": "_f_flash",
    "sol": "_f_flash",
    "js.flow": "_f_flow",
    "woff": "_f_font",
    "woff2": "_f_font",
    "ttf": "_f_font",
    "otf": "_f_font",
    "eot": "_f_font",
    "pfa": "_f_font",
    "pfb": "_f_font",
    "sfd": "_f_font",
    "f90": "_f_fortran",
    "mod": "_f_fortran",
    "f": "_f_fortran",
    "fs": "_f_fsharp",
    "fsx": "_f_fsharp",
    "fsi": "_f_fsharp",
    "go": "_f_go",
    "gradle": "_f_gradle",
    "gql": "_f_graphql",
    "graphql": "_f_graphql",
    "groovy": "_f_groovy",
    "haml": "_f_haml",
    "hbs": "_f_handlebars",
    "handlebars": "_f_handlebars",
    "has": "_f_haskell",
    "hs": "_f_haskell",
    "lhs": "_f_haskell",
    "lit": "_f_haskell",
    "gf": "_f_haskell",
    "hx": "_f_haxe",
    "hxml": "_f_haxe",
    "hxproj": "_f_haxedevelop",
    "htm": "_f_html",
    "html": "_f_html",
    "idr": "_f_idris",
    "lidr": "_f_idris",
    "ibc": "_f_idris",
    "jpeg": "_f_image",
    "jpg": "_f_image",
    "gif": "_f_image",
    "png": "_f_image",
    "bmp": "_f_image",
    "ico": "_f_image",
    "jade": "_f_jade",
    "pug": "_f_jade",
    "tag": "_f_riot",
    "java": "_f_java",
    "jbuilder": "_f_jbuilder",
    "jinja": "_f_jinja",
    "js": "_f_js",
    "js.map": "_f_jsmap",
    "jsp": "_f_jsp",
    "jl": "_f_julia",
    "kt": "_f_kotlin",
    "less": "_f_less",
    "enc": "_f_license",
    "hxp": "_f_lime",
    "bil": "_f_lisp",
    "log": "_f_log",
    "lsl": "_f_lsl",
    "lua": "_f_lua",
    "m": "_f_m",
    "md": "_f_markdown",
    "mdown": "_f_markdown",
    "markdown": "_f_markdown",
    "marko": "_f_marko",
    "marko.js": "_f_markojs",
    "master": "_f_masterpage",
    "fig": "_f_matlab",
    "mat": "_f_matlab",
    "mex": "_f_matlab",
    "mexn": "_f_matlab",
    "mexrs6": "_f_matlab",
    "mn": "_f_matlab",
    "mum": "_f_matlab",
    "mx": "_f_matlab",
    "mx3": "_f_matlab",
    "rwd": "_f_matlab",
    "slx": "_f_matlab",
    "slddc": "_f_matlab",
    "smv": "_f_matlab",
    "tikz": "_f_matlab",
    "xvc": "_f_matlab",
    "mustache": "_f_mustache",
    "mst": "_f_mustache",
    "nim": "_f_nim",
    "nims": "_f_nim",
    "json": "_f_node",
    "webmanifest": "_f_node",
    "nsi": "_f_nsi",
    "nsh": "_f_nsi",
    "nupkg": "_f_nuget",
    "nuspec": "_f_nuget",
    "psmdcp": "_f_nuget",
    "njk": "_f_nunjucks",
    "nunjucks": "_f_nunjucks",
    "nunjs": "_f_nunjucks",
    "nunj": "_f_nunjucks",
    "njs": "_f_nunjucks",
    "nj": "_f_nunjucks",
    "ml": "_f_ocaml",
    "mll": "_f_ocaml",
    "mli": "_f_ocaml",
    "mly": "_f_ocaml",
    "ocamlmakefile": "_f_ocaml",
    "merlin": "_f_ocaml",
    "patch": "_f_patch",
    "pdf": "_f_pdf",
    "perl": "_f_perl",
    "psd": "_f_photoshop",
    "php": "_f_php",
    "php1": "_f_php",
    "php2": "_f_php",
    "php3": "_f_php",
    "php4": "_f_php",
    "php5": "_f_php",
    "php6": "_f_php",
    "phps": "_f_php",
    "phpsa": "_f_php",
    "phpt": "_f_php",
    "phtml": "_f_php",
    "phar": "_f_php",
    "pu": "_f_plantuml",
    "plantuml": "_f_plantuml",
    "iuml": "_f_plantuml",
    "puml": "_f_plantuml",
    "po": "_f_poedit",
    "mo": "_f_poedit",
    "pcss": "_f_postcss",
    "postcss": "_f_postcss",
    "ps1": "_f_powershell",
    "psm1": "_f_powershell",
    "psd1": "_f_powershell",
    "P": "_f_prolog",
    "pl": "_f_prolog",
    "pro": "_f_prolog",
    "proto": "_f_protobuf",
    "epp": "_f_puppet",
    "pp": "_f_puppet",
    "purs": "_f_purescript",
    "py": "_f_python",
    "pyw": "_f_python",
    "qvd": "_f_qlikview",
    "qvw": "_f_qlikview",
    "r": "_f_r",
    "raml": "_f_raml",
    "jsx": "_f_reactjs",
    "rt": "_f_reacttemplate",
    "tsx": "_f_reactts",
    "rest": "_f_rest",
    "robot": "_f_robotframework",
    "rb": "_f_ruby",
    "gemspec": "_f_ruby",
    "ru": "_f_ruby",
    "reek": "_f_ruby",
    "rs": "_f_rust",
    "sls": "_f_saltstack",
    "sass": "_f_sass",
    "scala": "_f_scala",
    "scss": "_f_scss",
    "bat": "_f_shell",
    "sh": "_f_shell",
    "cmd": "_f_shell",
    "bash": "_f_shell",
    "zsh": "_f_shell",
    "fish": "_f_shell",
    "sln": "_f_sln",
    "tpl": "_f_smarty",
    "swig": "_f_smarty",
    "sql": "_f_sql",
    "sqlite": "_f_sqlite",
    "sqlite3": "_f_sqlite",
    "db3": "_f_sqlite",
    "sss": "_f_sss",
    "storyboard": "_f_storyboard",
    "styl": "_f_stylus",
    "svg": "_f_svg",
    "swift": "_f_swift",
    "tcl": "_f_tcl",
    "exp": "_f_tcl",
    "tf": "_f_terraform",
    "terra": "_f_terraform",
    "test.js": "_f_testjs",
    "spec.js": "_f_testjs",
    "test.ts": "_f_testts",
    "spec.ts": "_f_testts",
    "texi": "_f_tex",
    "tex": "_f_tex",
    "txt": "_f_text",
    "textile": "_f_textile",
    "todo": "_f_todo",
    "toml": "_f_toml",
    "twig": "_f_twig",
    "ts": "_f_typescript",
    "d.ts": "_f_typescriptdef",
    "vash": "_f_vash",
    "vb": "_f_vb",
    "vbhtml": "_f_vbhtml",
    "vbproj": "_f_vbproj",
    "vim": "_f_vim",
    "volt": "_f_volt",
    "vue": "_f_vue",
    "wxml": "_f_wxml",
    "wxss": "_f_wxss",
    "xib": "_f_xib",
    "xliff": "_f_xliff",
    "xlf": "_f_xliff",
    "xml": "_f_xml",
    "axml": "_f_xml",
    "xaml": "_f_xml",
    "pex": "_f_xml",
    "tmx": "_f_xml",
    "yml": "_f_yaml",
    "yaml": "_f_yaml",
    "yarnclean": "_f_yarn",
    "zip": "_f_zip",
    "rar": "_f_zip",
    "7z": "_f_zip",
    "tar": "_f_zip",
    "gz": "_f_zip",
    "bzip2": "_f_zip",
    "xz": "_f_zip",
    "bz2": "_f_zip"
  },
  "fileNames": {
    "angular-cli.json": "_f_angular",
    ".htaccess": "_f_apache",
    ".htpasswd": "_f_apache",
    "appveyor.yml": "_f_appveyor",
    ".appveyor.yml": "_f_appveyor",
    ".babelrc": "_f_babel",
    ".bowerrc": "_f_bower",
    "bower.json": "_f_bower",
    ".buckconfig": "_f_buckbuild",
    "gemfile": "_f_bundler",
    "gemfile.lock": "_f_bundler",
    "codeclimate.yml": "_f_codeclimate",
    "composer.json": "_f_composer",
    "composer.lock": "_f_composer",
    "makefile": "_f_config",
    ".env.example": "_f_config",
    ".csslintrc": "_f_csslint",
    "dockerfile": "_f_docker",
    ".dockerignore": "_f_docker",
    "docker-compose.yml": "_f_docker",
    ".editorconfig": "_f_editorconfig",
    "elm-package.json": "_f_elm",
    ".ember-cli": "_f_ember",
    "emakefile": "_f_erlang",
    ".emakerfile": "_f_erlang",
    ".eslintrc": "_f_eslint",
    ".eslintignore": "_f_eslint",
    ".eslintrc.js": "_f_eslint",
    ".eslintrc.json": "_f_eslint",
    ".eslintrc.yaml": "_f_eslint",
    ".eslintrc.yml": "_f_eslint",
    "favicon.ico": "_f_favicon",
    ".flowconfig": "_f_flow",
    ".gitattributes": "_f_git",
    ".gitconfig": "_f_git",
    ".gitignore": "_f_git",
    ".gitmodules": "_f_git",
    ".gitkeep": "_f_git",
    ".gitlab-ci.yml": "_f_gitlab",
    "gruntfile.js": "_f_gruntfile",
    "gulpfile.js": "_f_gulpfile",
    "haxelib.json": "_f_haxe",
    "checkstyle.json": "_f_haxecheckstyle",
    "ionic.project": "_f_ionic",
    "ionic.config.json": "_f_ionic",
    ".jade-lintrc": "_f_jade",
    ".pug-lintrc": "_f_jade",
    ".jade-lint.json": "_f_jade",
    ".pug-lintrc.js": "_f_jade",
    ".pug-lintrc.json": "_f_jade",
    ".jshintrc": "_f_jshintrc",
    "lerna.json": "_f_lerna",
    "license": "_f_license",
    "licence": "_f_license",
    "license.md": "_f_license",
    "licence.md": "_f_license",
    "include.xml": "_f_lime",
    ".nvmrc": "_f_node2",
    ".npmignore": "_f_npm",
    ".npmrc": "_f_npm",
    "package.json": "_f_npm",
    "paket.dependencies": "_f_paket",
    "paket.lock": "_f_paket",
    "paket.references": "_f_paket",
    "paket.template": "_f_paket",
    "paket.local": "_f_paket",
    "phpunit.xml": "_f_phpunit",
    "procfile": "_f_procfile",
    "rollup.config.js": "_f_rollup",
    ".rspec": "_f_rspec",
    "rakefile": "_f_ruby",
    ".stylelintrc": "_f_stylelint",
    "stylelint.config.js": "_f_stylelint",
    ".travis.yml": "_f_travis",
    "tslint.json": "_f_tslint",
    "vagrantfile": "_f_vagrant",
    ".vimrc": "_f_vim",
    ".gvimrc": "_f_vim",
    "vscodeignore.json": "_f_vscode",
    "launch.json": "_f_vscode",
    "tasks.json": "_f_vscode",
    "jsconfig.json": "_f_vscode",
    "tsconfig.json": "_f_vscode",
    ".vscodeignore": "_f_vscode",
    "webpack.config.js": "_f_webpack",
    "webpack.config.common.js": "_f_webpack",
    "webpack.config.babel.js": "_f_webpack",
    "webpack.config.common.babel.js": "_f_webpack",
    "webpack.config.base.babel.js": "_f_webpack",
    "webpack.config.dev.babel.js": "_f_webpack",
    "webpack.config.staging.babel.js": "_f_webpack",
    "webpack.config.production.babel.js": "_f_webpack",
    "webpack.config.prod.babel.js": "_f_webpack",
    "webpack.config.dev.js": "_f_webpack",
    "webpack.config.staging.js": "_f_webpack",
    "webpack.config.production.js": "_f_webpack",
    "webpack.config.prod.js": "_f_webpack",
    "webpack.config.ts": "_f_webpack",
    "webpack.config.coffee": "_f_webpack",
    "yarn.lock": "_f_yarn"
  },
  "languageIds": {}
}